CREATE TABLE IF NOT EXISTS symptoms (
    meddra_term TEXT,
    report_id CHARACTER VARYING(25) NOT NULL,
    symptom_id INTEGER PRIMARY KEY
);

CREATE TABLE IF NOT EXISTS reports (
    report_id CHARACTER VARYING(25) PRIMARY KEY,
    date_received CHARACTER VARYING(10),
    date_event CHARACTER VARYING(10),
    case_outcome CHARACTER VARYING(100),
    patient_id INTEGER
);

CREATE TABLE IF NOT EXISTS patients (
    patient_id INTEGER PRIMARY KEY,
    age REAL,
    age_units CHARACTER VARYING(10),
    sex TEXT,
    report_id CHARACTER VARYING(25)
);

INSERT INTO symptoms (meddra_term, report_id, symptom_id) VALUES
    ('Lethargy. Migraine. Nausea. Salmonellosis', '2022-CFS-013802', 2),
    ('Diarrhoea', '2022-CFS-012338', 3),
    ('Abdominal discomfort. Appetite disorder. Diarrhoea. Fatigue. Myalgia. Nausea. Vomiting', '2022-CFS-010210', 4),
    ('Vomiting', '2023-CFS-002209', 5),
    ('Diarrhoea. Frequent bowel movements. Headache. Muscle spasms. Pyrexia', '2022-CFS-009836', 6),
    ('Abdominal pain. Diarrhoea. Nausea', '2023-CFS-002215', 7),
    ('Abdominal pain upper. Diarrhoea. Diarrhoea haemorrhagic. Pyrexia', '2022-CFS-009537', 8),
    ('Abdominal discomfort. Abdominal pain upper. Chills. Constipation. Decreased appetite. Depression. Diarrhoea. Fatigue. Malaise. Pain. Pyrexia. Vomiting', '2022-CFS-013421', 9),
    ('Functional gastrointestinal disorder. Gastrointestinal disorder. Lactose intolerance', '2022-CFS-009463', 10),
    ('Abdominal discomfort. Abdominal pain upper. Chills. Constipation. Decreased appetite. Depression. Diarrhoea. Fatigue. Malaise. Pain. Pyrexia. Vomiting', '2022-CFS-009457', 11),
    ('Abdominal pain upper. Chills. Diarrhoea. Headache. Malaise. Nausea', '2022-CFS-009428', 12),
    ('Constipation. Haematochezia. Salmonellosis', '2022-CFS-009728', 13),
    ('Diarrhoea', '2022-CFS-009462', 14),
    ('Abdominal pain upper. Diarrhoea. Hyperhidrosis. Malaise', '2022-CFS-009362', 15),
    ('Dehydration. Diarrhoea. Food poisoning. Sepsis. Vomiting', '2022-CFS-009361', 16),
    ('Diarrhoea. Dizziness. Nausea. Salmonellosis', '2022-CFS-009241', 17),
    ('Abdominal discomfort. Pyrexia', '2022-CFS-009220', 18),
    ('Abdominal distension. Abdominal pain. Cold sweat. Diarrhoea. Gastrointestinal haemorrhage. Rectal haemorrhage', '2022-CFS-009141', 19),
    ('Abdominal discomfort. Diarrhoea. Salmonellosis', '2022-CFS-009076', 20),
    ('Decreased appetite. Diarrhoea. Fatigue. Headache. Salmonellosis', '2022-CFS-009050', 21),
    ('Abdominal pain upper. Fatigue. Headache. Pain. Pyrexia', '2022-CFS-009039', 22),
    ('Chills. Headache. Pain in extremity. Urinary tract infection', '2022-CFS-009017', 23),
    ('Abdominal pain. Abdominal pain upper. Diarrhoea. Nausea. Vomiting', '2022-CFS-008951', 24),
    ('Diarrhoea. Haematochezia. Lethargy', '2022-CFS-008917', 25),
    ('Abdominal pain. Diarrhoea. Lethargy. Pyrexia', '2023-CFS-002100', 26),
    ('Chills. Diarrhoea. Food poisoning. Pyrexia. Vomiting', '2022-CFS-009895', 28),
    ('Abdominal pain. Diarrhoea. Nausea. Vomiting', '2022-CFS-009721', 29),
    ('Diarrhoea. Malaise. Vomiting', '2022-CFS-012515', 30),
    ('Abdominal pain. Frequent bowel movements. Headache', '2022-CFS-008816', 31),
    ('Salmonellosis', '2022-CFS-008807', 32),
    ('Abdominal pain upper. Frequent bowel movements. Haematochezia. Pyrexia', '2022-CFS-008791', 33),
    ('Diarrhoea', '2022-CFS-008749', 34),
    ('Diarrhoea. Malaise. Vomiting', '2022-CFS-008740', 35),
    ('Abdominal pain upper. Chills. Diarrhoea. Gastroenteritis salmonella. Malaise. Pain. Pyrexia. Vomiting', '2022-CFS-008739', 36),
    ('Abdominal pain. Back pain. Diarrhoea. Lethargy. Nausea', '2022-CFS-010420', 37),
    ('Diarrhoea', '2022-CFS-009289', 38),
    ('Abdominal pain. Constipation. Diarrhoea. Nausea. Pyrexia. Vomiting', '2022-CFS-009282', 39),
    ('Diarrhoea. Pyrexia', '2022-CFS-009268', 40),
    ('Diarrhoea. Malaise. Muscle spasms', '2022-CFS-008660', 41),
    ('Diarrhoea', '2022-CFS-008655', 42),
    ('Diarrhoea. Nausea', '2022-CFS-008589', 43),
    ('Abdominal pain. Decreased appetite', '2022-CFS-008585', 44),
    ('Abdominal pain upper. Diarrhoea. Nausea', '2022-CFS-008580', 45),
    ('Abdominal pain. Decreased appetite. Diarrhoea. Insomnia. Malaise. Nausea. Pyrexia. Salmonellosis. Vomiting', '2022-CFS-008562', 46),
    ('Abdominal pain. Diarrhoea. Pyrexia', '2022-CFS-008550', 47),
    ('Abdominal pain. Body temperature increased. Colitis. Diarrhoea. Lethargy', '2022-CFS-008548', 48),
    ('Chills. Diarrhoea. Food poisoning. Malaise. Muscle spasms. Vomiting', '2022-CFS-008528', 49),
    ('Abdominal pain. Flatulence. Nausea. Oropharyngeal pain', '2022-CFS-008519', 50),
    ('Chills. Diarrhoea. Gastrointestinal pain. Hyperhidrosis. Malaise. Nausea', '2022-CFS-008513', 51),
    ('Back pain. Chills. Decreased appetite. Headache. Pyrexia. Spinal pain', '2022-CFS-008467', 52),
    ('Chills. Diarrhoea. Headache. Pyrexia', '2022-CFS-008465', 53),
    ('Diarrhoea. Frequent bowel movements. Salmonellosis', '2022-CFS-008461', 54),
    ('Gastrointestinal pain. Muscle spasms', '2022-CFS-008454', 55),
    ('Diarrhoea. Vomiting', '2022-CFS-008431', 56),
    ('Abdominal pain. Diarrhoea. Vomiting', '2022-CFS-008409', 57),
    ('Diarrhoea. Influenza like illness. Nausea. Salmonellosis. Vomiting', '2022-CFS-008407', 58),
    ('Abdominal pain. Nausea', '2022-CFS-008400', 59),
    ('Abdominal pain. Chills. Diarrhoea. Myalgia. Pyrexia. Salmonellosis. Vomiting', '2022-CFS-008392', 60),
    ('Salmonellosis', '2022-CFS-008384', 61),
    ('Gastrointestinal malformation', '2022-CFS-008383', 62),
    ('Abdominal pain. Diarrhoea', '2022-CFS-009915', 63),
    ('Dehydration. Diarrhoea. Fatigue', '2022-CFS-009419', 64),
    ('Diarrhoea', '2022-CFS-009286', 65),
    ('Abdominal pain. Diarrhoea. Gastrointestinal disorder. Lymphadenitis. Pyrexia', '2022-CFS-009284', 66),
    ('Diarrhoea. Influenza like illness. Nausea. Vomiting', '2022-CFS-009254', 67),
    ('Diarrhoea', '2022-CFS-008841', 68),
    ('Malaise', '2022-CFS-008631', 69),
    ('Diarrhoea', '2022-CFS-008618', 70),
    ('Abdominal pain. Diarrhoea. Vomiting', '2022-CFS-008617', 71),
    ('Gastroenteritis salmonella', '2022-CFS-008310', 72),
    ('Diarrhoea', '2022-CFS-008277', 73),
    ('Malaise. Salmonellosis', '2022-CFS-008268', 74),
    ('Diarrhoea. Nausea', '2022-CFS-008255', 75),
    ('Vomiting', '2022-CFS-008253', 76),
    ('Abdominal pain upper. Diarrhoea', '2022-CFS-008249', 77),
    ('Asthenia. Chills. Diarrhoea. Malaise. Nausea. Pyrexia', '2022-CFS-008245', 78),
    ('Diarrhoea. Food poisoning', '2022-CFS-008240', 79),
    ('Frequent bowel movements', '2022-CFS-008220', 80),
    ('Abdominal pain. Diarrhoea. Malaise. Pyrexia. Salmonellosis', '2022-CFS-008204', 81),
    ('Gastrointestinal disorder. Pyrexia', '2022-CFS-008193', 82),
    ('Diarrhoea. Muscle spasms. Pain. Swelling', '2022-CFS-008172', 83),
    ('Abdominal pain. Asthenia. Chills. Dehydration. Diarrhoea. Pain. Salmonellosis. Vomiting', '2022-CFS-008141', 84),
    ('Diarrhoea. Vomiting', '2022-CFS-008112', 85),
    ('Diarrhoea. Nausea. Vomiting', '2022-CFS-008091', 86),
    ('Abdominal pain upper. Diarrhoea. Nausea. Pyrexia', '2022-CFS-008076', 87),
    ('Abdominal pain upper. Diarrhoea. Nausea. Vomiting', '2022-CFS-008060', 88),
    ('Abdominal pain upper. Diarrhoea. Discomfort', '2022-CFS-008054', 89),
    ('Abdominal pain upper. Diarrhoea', '2022-CFS-008045', 90),
    ('Diarrhoea', '2022-CFS-008013', 91),
    ('Diarrhoea', '2022-CFS-007971', 92),
    ('Abdominal distension. Gastrointestinal disorder. Muscle spasms', '2022-CFS-007954', 93),
    ('Diarrhoea. Influenza like illness. Nausea. Vomiting', '2022-CFS-007953', 94),
    ('Abdominal pain. Diarrhoea', '2022-CFS-007935', 95),
    ('Diarrhoea. Vomiting', '2022-CFS-007915', 96),
    ('Abdominal pain. Diarrhoea', '2022-CFS-007851', 97),
    ('Abdominal pain. Diarrhoea. Fatigue. Nausea', '2022-CFS-007837', 98),
    ('Abdominal pain upper. Constipation', '2022-CFS-007823', 99),
    ('Diarrhoea. Pyrexia. Salmonellosis', '2022-CFS-007820', 100),
    ('Abdominal distension. Abdominal pain. Bedridden. Diarrhoea. Food poisoning. Nausea. Pyrexia', '2022-CFS-007818', 101),
    ('Diarrhoea', '2022-CFS-007816', 102),
    ('Abdominal pain upper. Diarrhoea', '2022-CFS-007810', 103),
    ('Salmonellosis', '2022-CFS-007797', 104),
    ('Gastroenteritis salmonella', '2022-CFS-007768', 105),
    ('Abdominal pain upper. Back pain. Haematochezia', '2022-CFS-007750', 106),
    ('Diarrhoea. Nausea. Pyrexia', '2022-CFS-007745', 107),
    ('Abdominal pain upper. Diarrhoea', '2022-CFS-007735', 108),
    ('Abdominal discomfort. Diarrhoea. Flatulence', '2022-CFS-007726', 109),
    ('Chills. Diarrhoea. Fatigue. Muscle spasms. Pyrexia. Vomiting', '2022-CFS-007712', 110),
    ('Diarrhoea. Vomiting', '2022-CFS-007701', 111),
    ('Salmonellosis', '2022-CFS-007696', 112),
    ('Decreased appetite. Diarrhoea. Headache. Malaise. Myalgia. Pyrexia', '2022-CFS-008330', 113),
    ('Abdominal pain upper. Diarrhoea. Vomiting', '2022-CFS-008283', 114),
    ('VOMITING', '186095', 115),
    ('ABDOMINAL PAIN. NAUSEA. VOMITING', '122247', 116),
    ('VOMITING', '109960', 117),
    ('ABDOMINAL PAIN UPPER. BODY TEMPERATURE INCREASED. DECREASED APPETITE. DIARRHOEA. FLATULENCE. GASTROENTERITIS VIRAL. GASTROINTESTINAL DISORDER. MALAISE. MYALGIA. VOMITING', '109459', 118),
    ('ANXIETY. BLOOD GLUCOSE INCREASED. DYSPNOEA. HEART RATE ABNORMAL. HYPERTENSION. MALAISE. PALPITATIONS', '94176', 119);

INSERT INTO reports (report_id, date_received, date_event, case_outcome, patient_id) VALUES
    ('2022-CFS-013802', '9/9/2022', '9/7/2022', 'Other Serious or Important Medical Event. Visited a Health Care Provider', 2),
    ('2022-CFS-012338', '8/9/2022', '8/9/2022', 'Other Serious or Important Medical Event', 3),
    ('2022-CFS-010210', '6/27/2022', '6/24/2022', 'Disability. Other Serious or Important Medical Event. Visited a Health Care Provider', 4),
    ('2023-CFS-002209', '6/23/2022', '5/30/2022', 'Hospitalization', 5),
    ('2022-CFS-009836', '6/17/2022', '6/14/2022', 'Other Serious or Important Medical Event', 6),
    ('2023-CFS-002215', '6/13/2022', '""', 'Other Outcome', 7),
    ('2022-CFS-009537', '6/12/2022', '3/6/2022', 'Other Serious Outcome', 8),
    ('2022-CFS-013421', '6/9/2022', '5/15/2022', 'Disability', 9),
    ('2022-CFS-009463', '6/9/2022', '""', 'Disability. Other Serious or Important Medical Event', 10),
    ('2022-CFS-009457', '6/9/2022', '5/15/2022', 'Disability', 11),
    ('2022-CFS-009428', '6/8/2022', '5/6/2022', 'Disability', 12),
    ('2022-CFS-009728', '6/7/2022', '""', 'Other Serious Outcome', 13),
    ('2022-CFS-009462', '6/7/2022', '5/18/2022', 'Other Serious or Important Medical Event', 14),
    ('2022-CFS-009362', '6/7/2022', '5/18/2022', 'Other Serious or Important Medical Event', 15),
    ('2022-CFS-009361', '6/6/2022', '3/5/2022', 'Life Threatening. Hospitalization. Other Serious or Important Medical Event', 16),
    ('2022-CFS-009241', '6/3/2022', '5/8/2022', 'Other Outcome', 17),
    ('2022-CFS-009220', '6/2/2022', '5/20/2022', 'Other Serious or Important Medical Event', 18),
    ('2022-CFS-009141', '6/1/2022', '5/20/2022', 'Disability. Other Serious or Important Medical Event', 19),
    ('2022-CFS-009076', '5/31/2022', '""', 'Other Serious or Important Medical Event', 20),
    ('2022-CFS-009050', '5/30/2022', '5/24/2022', 'Other Outcome', 21),
    ('2022-CFS-009039', '5/30/2022', '5/23/2022', 'Other Serious Outcome', 22),
    ('2022-CFS-009017', '5/30/2022', '5/27/2022', 'Other Serious or Important Medical Event', 23),
    ('2022-CFS-008951', '5/27/2022', '5/16/2022', 'Other Serious or Important Medical Event', 24),
    ('2022-CFS-008917', '5/27/2022', '4/22/2022', 'Other Serious or Important Medical Event. Other Serious Outcome', 25),
    ('2023-CFS-002100', '5/26/2022', '5/1/2022', 'Other Serious Outcome', 26),
    ('2022-CFS-009895', '5/26/2022', '""', 'Other Serious Outcome', 28),
    ('2022-CFS-009721', '5/26/2022', '5/19/2022', 'Other Serious Outcome', 29),
    ('2022-CFS-012515', '5/25/2022', '5/3/2022', 'Disability', 30),
    ('2022-CFS-008816', '5/25/2022', '5/23/2022', 'Other Serious or Important Medical Event', 31),
    ('2022-CFS-008807', '5/25/2022', '5/25/2022', 'Disability. Other Serious or Important Medical Event', 32),
    ('2022-CFS-008791', '5/25/2022', '5/10/2022', 'Other Serious or Important Medical Event', 33),
    ('2022-CFS-008749', '5/25/2022', '5/19/2022', 'Other Serious or Important Medical Event', 34),
    ('2022-CFS-008740', '5/25/2022', '5/3/2022', 'Disability', 35),
    ('2022-CFS-008739', '5/25/2022', '5/22/2022', 'Hospitalization. Visited Emergency Room', 36),
    ('2022-CFS-010420', '5/24/2022', '""', 'Other Serious Outcome', 37),
    ('2022-CFS-009289', '5/24/2022', '""', 'Other Serious or Important Medical Event', 38),
    ('2022-CFS-009282', '5/24/2022', '5/18/2022', 'Hospitalization. Other Serious or Important Medical Event. Visited a Health Care Provider', 39),
    ('2022-CFS-009268', '5/24/2022', '""', 'Hospitalization. Other Serious or Important Medical Event. Visited a Health Care Provider', 40),
    ('2022-CFS-008660', '5/24/2022', '5/8/2022', 'Other Serious or Important Medical Event', 41),
    ('2022-CFS-008655', '5/24/2022', '4/7/2022', 'Other Serious or Important Medical Event', 42),
    ('2022-CFS-008589', '5/24/2022', '5/15/2022', 'Other Serious or Important Medical Event', 43),
    ('2022-CFS-008585', '5/24/2022', '5/21/2022', 'Other Serious or Important Medical Event', 44),
    ('2022-CFS-008580', '5/24/2022', '5/19/2022', 'Other Serious or Important Medical Event', 45),
    ('2022-CFS-008562', '5/24/2022', '5/21/2022', 'Visited a Health Care Provider. Other Serious Outcome', 46),
    ('2022-CFS-008550', '5/24/2022', '5/17/2022', 'Disability', 47),
    ('2022-CFS-008548', '5/24/2022', '5/20/2022', 'Other Outcome', 48),
    ('2022-CFS-008528', '5/24/2022', '5/17/2022', 'Hospitalization', 49),
    ('2022-CFS-008519', '5/24/2022', '5/22/2022', 'Other Outcome', 50),
    ('2022-CFS-008513', '5/24/2022', '5/22/2022', 'Other Outcome', 51),
    ('2022-CFS-008467', '5/24/2022', '5/21/2022', 'Disability', 52),
    ('2022-CFS-008465', '5/24/2022', '5/22/2022', 'Other Serious Outcome', 53),
    ('2022-CFS-008461', '5/24/2022', '5/16/2022', 'Disability. Other Serious or Important Medical Event', 54),
    ('2022-CFS-008454', '5/24/2022', '5/1/2022', 'Other Serious or Important Medical Event', 55),
    ('2022-CFS-008431', '5/24/2022', '5/19/2022', 'Disability', 56),
    ('2022-CFS-008409', '5/24/2022', '12/21/2021', 'Disability', 57),
    ('2022-CFS-008407', '5/24/2022', '5/13/2022', 'Life Threatening. Other Serious or Important Medical Event', 58),
    ('2022-CFS-008400', '5/24/2022', '5/22/2022', 'Other Serious or Important Medical Event', 59),
    ('2022-CFS-008392', '5/24/2022', '5/18/2022', 'Other Serious or Important Medical Event', 60),
    ('2022-CFS-008384', '5/24/2022', '5/21/2022', 'Disability', 61),
    ('2022-CFS-008383', '5/24/2022', '5/15/2022', 'Other Serious or Important Medical Event', 62),
    ('2022-CFS-009915', '5/23/2022', '""', 'Other Outcome', 63),
    ('2022-CFS-009419', '5/23/2022', '5/18/2022', 'Other Outcome', 64),
    ('2022-CFS-009286', '5/23/2022', '""', 'Hospitalization. Other Serious or Important Medical Event. Visited Emergency Room', 65),
    ('2022-CFS-009284', '5/23/2022', '""', 'Hospitalization. Other Serious or Important Medical Event. Visited a Health Care Provider', 66),
    ('2022-CFS-009254', '5/23/2022', '5/13/2022', 'Other Serious or Important Medical Event', 67),
    ('2022-CFS-008841', '5/23/2022', '5/19/2022', 'Disability. Other Serious or Important Medical Event', 68),
    ('2022-CFS-008631', '5/23/2022', '5/15/2022', 'Disability. Other Serious or Important Medical Event. Visited a Health Care Provider', 69),
    ('2022-CFS-008618', '5/23/2022', '4/20/2022', 'Disability', 70),
    ('2022-CFS-008617', '5/23/2022', '5/20/2022', 'Other Serious or Important Medical Event', 71),
    ('2022-CFS-008310', '5/23/2022', '5/15/2022', 'Other Serious or Important Medical Event', 72),
    ('2022-CFS-008277', '5/23/2022', '5/16/2022', 'Disability', 73),
    ('2022-CFS-008268', '5/23/2022', '5/15/2022', 'Disability', 74),
    ('2022-CFS-008255', '5/23/2022', '5/18/2022', 'Other Serious or Important Medical Event', 75),
    ('2022-CFS-008253', '5/23/2022', '5/21/2022', 'Other Outcome', 76),
    ('2022-CFS-008249', '5/23/2022', '5/21/2022', 'Other Serious or Important Medical Event', 77),
    ('2022-CFS-008245', '5/23/2022', '4/29/2022', 'Disability', 78),
    ('2022-CFS-008240', '5/23/2022', '5/11/2022', 'Other Serious or Important Medical Event', 79),
    ('2022-CFS-008220', '5/23/2022', '5/20/2022', 'Disability. Other Serious or Important Medical Event', 80),
    ('2022-CFS-008204', '5/23/2022', '5/20/2022', 'Other Serious or Important Medical Event', 81),
    ('2022-CFS-008193', '5/23/2022', '5/19/2022', 'Other Serious or Important Medical Event', 82),
    ('2022-CFS-008172', '5/23/2022', '5/17/2022', 'Other Outcome', 83),
    ('2022-CFS-008141', '5/23/2022', '5/21/2022', 'Disability', 84),
    ('2022-CFS-008112', '5/23/2022', '5/18/2022', 'Other Serious or Important Medical Event', 85),
    ('2022-CFS-008091', '5/23/2022', '4/16/2022', 'Other Serious or Important Medical Event', 86),
    ('2022-CFS-008076', '5/23/2022', '4/20/2022', 'Other Serious or Important Medical Event', 87),
    ('2022-CFS-008060', '5/23/2022', '5/22/2022', 'Other Serious or Important Medical Event', 88),
    ('2022-CFS-008054', '5/23/2022', '""', 'Other Serious or Important Medical Event', 89),
    ('2022-CFS-008045', '5/23/2022', '5/18/2022', 'Other Serious or Important Medical Event', 90),
    ('2022-CFS-008013', '5/23/2022', '4/25/2022', 'Disability. Other Serious or Important Medical Event', 91),
    ('2022-CFS-007971', '5/23/2022', '""', 'Other Serious or Important Medical Event', 92),
    ('2022-CFS-007954', '5/23/2022', '5/3/2022', 'Disability. Other Serious or Important Medical Event', 93),
    ('2022-CFS-007953', '5/23/2022', '5/13/2022', 'Other Serious or Important Medical Event', 94),
    ('2022-CFS-007935', '5/23/2022', '5/22/2022', 'Other Serious or Important Medical Event', 95),
    ('2022-CFS-007915', '5/23/2022', '4/4/2022', 'Other Serious or Important Medical Event', 96),
    ('2022-CFS-007851', '5/23/2022', '5/17/2022', 'Other Serious or Important Medical Event', 97),
    ('2022-CFS-007837', '5/23/2022', '5/18/2022', 'Disability', 98),
    ('2022-CFS-007823', '5/23/2022', '5/19/2022', 'Disability. Other Serious or Important Medical Event', 99),
    ('2022-CFS-007820', '5/23/2022', '4/9/2022', 'Other Serious or Important Medical Event', 100),
    ('2022-CFS-007818', '5/23/2022', '5/10/2022', 'Disability. Other Serious or Important Medical Event', 101),
    ('2022-CFS-007816', '5/23/2022', '5/19/2022', 'Disability. Other Serious or Important Medical Event', 102),
    ('2022-CFS-007810', '5/23/2022', '5/21/2022', 'Other Serious or Important Medical Event', 103),
    ('2022-CFS-007797', '5/23/2022', '5/9/2022', 'Other Serious or Important Medical Event', 104),
    ('2022-CFS-007768', '5/23/2022', '5/14/2022', 'Other Serious or Important Medical Event', 105),
    ('2022-CFS-007750', '5/23/2022', '4/25/2022', 'Disability', 106),
    ('2022-CFS-007745', '5/23/2022', '5/10/2022', 'Other Serious or Important Medical Event', 107),
    ('2022-CFS-007735', '5/23/2022', '5/20/2022', 'Other Serious or Important Medical Event', 108),
    ('2022-CFS-007726', '5/23/2022', '5/19/2022', 'Other Serious or Important Medical Event', 109),
    ('2022-CFS-007712', '5/23/2022', '3/21/2022', 'Other Serious or Important Medical Event', 110),
    ('2022-CFS-007701', '5/23/2022', '5/21/2022', 'Other Serious or Important Medical Event. Visited Emergency Room', 111),
    ('2022-CFS-007696', '5/23/2022', '""', 'Disability. Visited a Health Care Provider', 112),
    ('2022-CFS-008330', '5/22/2022', '5/11/2022', 'Other Serious or Important Medical Event', 113),
    ('2022-CFS-008283', '5/22/2022', '5/22/2022', 'Other Serious or Important Medical Event', 114),
    ('186095', '5/8/2015', '4/16/2015', 'Other Outcome', 115),
    ('122247', '1/11/2010', '""', 'Other Outcome', 116),
    ('109960', '1/26/2009', '""', 'Other Outcome', 117),
    ('109459', '1/23/2009', '1/8/2009', 'Other Serious or Important Medical Event', 118),
    ('94176', '4/25/2007', '4/20/2007', 'Hospitalization. Visited Emergency Room', 119);

INSERT INTO patients (patient_id, age, age_units, sex, report_id) VALUES
    (2, 25.9, 'year(s)', 'Female', '2022-CFS-013802'),
    (3, NULL, '""', '""', '2022-CFS-012338'),
    (4, NULL, '""', 'Unknown', '2022-CFS-010210'),
    (5, NULL, '""', 'Male', '2023-CFS-002209'),
    (6, 55, 'year(s)', 'Not Reported', '2022-CFS-009836'),
    (7, NULL, '""', '""', '2023-CFS-002215'),
    (8, NULL, '""', '""', '2022-CFS-009537'),
    (9, NULL, '""', 'Male', '2022-CFS-013421'),
    (10, 27, 'year(s)', 'Female', '2022-CFS-009463'),
    (11, 30.7, 'year(s)', 'Female', '2022-CFS-009457'),
    (12, 38, 'year(s)', 'Female', '2022-CFS-009428'),
    (13, 85, 'year(s)', '""', '2022-CFS-009728'),
    (14, NULL, '""', 'Male', '2022-CFS-009462'),
    (15, 38, 'year(s)', 'Female', '2022-CFS-009362'),
    (16, NULL, '""', '""', '2022-CFS-009361'),
    (17, 47.2, 'year(s)', 'Female', '2022-CFS-009241'),
    (18, 52.1, 'year(s)', 'Female', '2022-CFS-009220'),
    (19, 69, 'year(s)', 'Female', '2022-CFS-009141'),
    (20, 77, 'year(s)', 'Male', '2022-CFS-009076'),
    (21, 26.4, 'year(s)', 'Male', '2022-CFS-009050'),
    (22, 32, 'year(s)', 'Male', '2022-CFS-009039'),
    (23, 72, 'year(s)', '""', '2022-CFS-009017'),
    (24, 37, 'year(s)', 'Female', '2022-CFS-008951'),
    (25, 43, 'year(s)', 'Male', '2022-CFS-008917'),
    (26, NULL, '""', 'Male', '2023-CFS-002100'),
    (28, NULL, '""', 'Female', '2022-CFS-009895'),
    (29, NULL, '""', 'Male', '2022-CFS-009721'),
    (30, 13, 'year(s)', 'Female', '2022-CFS-012515'),
    (31, 71, 'year(s)', 'Female', '2022-CFS-008816'),
    (32, NULL, '""', 'Female', '2022-CFS-008807'),
    (33, 55, 'year(s)', 'Female', '2022-CFS-008791'),
    (34, 35, 'year(s)', 'Female', '2022-CFS-008749'),
    (35, 37.7, 'year(s)', 'Female', '2022-CFS-008740'),
    (36, 53.1, 'year(s)', 'Male', '2022-CFS-008739'),
    (37, NULL, '""', '""', '2022-CFS-010420'),
    (38, NULL, '""', '""', '2022-CFS-009289'),
    (39, 9, 'year(s)', 'Female', '2022-CFS-009282'),
    (40, 7, 'year(s)', 'Male', '2022-CFS-009268'),
    (41, 69.3, 'year(s)', 'Male', '2022-CFS-008660'),
    (42, 30, 'year(s)', 'Male', '2022-CFS-008655'),
    (43, NULL, '""', '""', '2022-CFS-008589'),
    (44, 49, 'year(s)', 'Male', '2022-CFS-008585'),
    (45, 64, 'year(s)', 'Female', '2022-CFS-008580'),
    (46, 18, 'year(s)', 'Female', '2022-CFS-008562'),
    (47, 73, 'year(s)', 'Male', '2022-CFS-008550'),
    (48, 65, 'year(s)', 'Male', '2022-CFS-008548'),
    (49, 38.8, 'year(s)', 'Female', '2022-CFS-008528'),
    (50, 48.5, 'year(s)', 'Female', '2022-CFS-008519'),
    (51, 40.2, 'year(s)', 'Female', '2022-CFS-008513'),
    (52, 64, 'year(s)', 'Female', '2022-CFS-008467'),
    (53, 51.7, 'year(s)', 'Female', '2022-CFS-008465'),
    (54, 89.8, 'year(s)', 'Male', '2022-CFS-008461'),
    (55, 65, 'year(s)', 'Female', '2022-CFS-008454'),
    (56, 43, 'year(s)', 'Male', '2022-CFS-008431'),
    (57, 78, 'year(s)', 'Female', '2022-CFS-008409'),
    (58, 25.8, 'year(s)', 'Not Reported', '2022-CFS-008407'),
    (59, 25, 'year(s)', 'Female', '2022-CFS-008400'),
    (60, 48, 'year(s)', 'Female', '2022-CFS-008392'),
    (61, 76, 'year(s)', 'Female', '2022-CFS-008384'),
    (62, 69, 'year(s)', 'Male', '2022-CFS-008383'),
    (63, NULL, '""', 'Female', '2022-CFS-009915'),
    (64, 32, 'year(s)', 'Female', '2022-CFS-009419'),
    (65, NULL, '""', 'Female', '2022-CFS-009286'),
    (66, NULL, '""', 'Male', '2022-CFS-009284'),
    (67, NULL, '""', 'Female', '2022-CFS-009254'),
    (68, 14, 'year(s)', 'Female', '2022-CFS-008841'),
    (69, 53, 'year(s)', 'Male', '2022-CFS-008631'),
    (70, 61, 'year(s)', 'Male', '2022-CFS-008618'),
    (71, 57.5, 'year(s)', 'Male', '2022-CFS-008617'),
    (72, 30, 'year(s)', 'Male', '2022-CFS-008310'),
    (73, 43, 'year(s)', 'Female', '2022-CFS-008277'),
    (74, 38.9, 'year(s)', 'Male', '2022-CFS-008268'),
    (75, 54, 'year(s)', 'Female', '2022-CFS-008255'),
    (76, 57, 'year(s)', 'Female', '2022-CFS-008253'),
    (77, 6, 'year(s)', 'Female', '2022-CFS-008249'),
    (78, 40, 'year(s)', 'Female', '2022-CFS-008245'),
    (79, 58, 'year(s)', 'Male', '2022-CFS-008240'),
    (80, 64, 'year(s)', '""', '2022-CFS-008220'),
    (81, 56, 'year(s)', 'Male', '2022-CFS-008204'),
    (82, 51.7, 'year(s)', 'Female', '2022-CFS-008193'),
    (83, 65, 'year(s)', 'Female', '2022-CFS-008172'),
    (84, 60, 'year(s)', 'Female', '2022-CFS-008141'),
    (85, 38.8, 'year(s)', 'Female', '2022-CFS-008112'),
    (86, 62, 'year(s)', 'Female', '2022-CFS-008091'),
    (87, NULL, '""', 'Female', '2022-CFS-008076'),
    (88, 35, 'year(s)', 'Female', '2022-CFS-008060'),
    (89, NULL, '""', 'Male', '2022-CFS-008054'),
    (90, 64, 'year(s)', 'Female', '2022-CFS-008045'),
    (91, 72, 'year(s)', 'Male', '2022-CFS-008013'),
    (92, 52, 'year(s)', 'Female', '2022-CFS-007971'),
    (93, 24.1, 'year(s)', 'Female', '2022-CFS-007954'),
    (94, NULL, '""', 'Female', '2022-CFS-007953'),
    (95, 77, 'year(s)', 'Female', '2022-CFS-007935'),
    (96, 68.5, 'year(s)', 'Male', '2022-CFS-007915'),
    (97, 50, 'year(s)', 'Female', '2022-CFS-007851'),
    (98, 26, 'year(s)', 'Female', '2022-CFS-007837'),
    (99, 75, 'year(s)', 'Male', '2022-CFS-007823'),
    (100, 34, 'year(s)', 'Male', '2022-CFS-007820'),
    (101, 70, 'year(s)', 'Male', '2022-CFS-007818'),
    (102, 45, 'year(s)', 'Male', '2022-CFS-007816'),
    (103, 69.9, 'year(s)', 'Female', '2022-CFS-007810'),
    (104, 70, 'year(s)', 'Female', '2022-CFS-007797'),
    (105, 54.7, 'year(s)', 'Male', '2022-CFS-007768'),
    (106, 61.9, 'year(s)', 'Male', '2022-CFS-007750'),
    (107, 34, 'year(s)', 'Male', '2022-CFS-007745'),
    (108, 71.5, 'year(s)', 'Male', '2022-CFS-007735'),
    (109, NULL, '""', '""', '2022-CFS-007726'),
    (110, 71.7, 'year(s)', 'Male', '2022-CFS-007712'),
    (111, 66, 'year(s)', 'Female', '2022-CFS-007701'),
    (112, NULL, '""', 'Female', '2022-CFS-007696'),
    (113, 57, 'year(s)', 'Female', '2022-CFS-008330'),
    (114, 44, 'year(s)', 'Male', '2022-CFS-008283'),
    (115, 46, 'year(s)', 'Female', '186095'),
    (116, NULL, '""', 'Male', '122247'),
    (117, NULL, '""', 'Female', '109960'),
    (118, 38.14, 'year(s)', 'Male', '109459'),
    (119, NULL, '""', 'Female', '94176');

ALTER TABLE reports
ADD CONSTRAINT fk_patients
FOREIGN KEY (patient_id)
REFERENCES patients(patient_id);

ALTER TABLE patients
ADD CONSTRAINT fk_reports_p
FOREIGN KEY (report_id)
REFERENCES reports(report_id);

ALTER TABLE symptoms
ADD CONSTRAINT fk_reports_s
FOREIGN KEY (report_id)
REFERENCES reports(report_id);
